{"schemaVersion":"1.0","appDefinitionTemplate":{"id":"/providers/Microsoft.PowerApps/apps/","type":"Microsoft.PowerApps/apps","tags":{"primaryDeviceWidth":"640","primaryDeviceHeight":"1136","supportsPortrait":"true","supportsLandscape":"true","primaryFormFactor":"Phone","showStatusBar":"false","publisherVersion":"3.24074.14","minimumRequiredApiVersion":"2.2.0","hasComponent":"false","hasUnlockedComponent":"false","isUnifiedRootApp":"false","sienaVersion":"20240805T070034Z-3.24074.14.0"},"properties":{"appVersion":"2024-08-05T07:00:34Z","lifeCycleId":"Published","createdByClientVersion":{"major":3,"minor":24074,"build":14,"revision":0,"majorRevision":0,"minorRevision":0},"minClientVersion":{"major":3,"minor":24074,"build":14,"revision":0,"majorRevision":0,"minorRevision":0},"backgroundColor":"RGBA(0,176,240,1)","backgroundImageUri":"/15561034677211364893/N4b6ceba4-d6d6-4125-bdd8-7b0a82d373dd-logoSmallFile","displayName":"MRS-Debit","description":"Experience seamless management of debit transactions with MRS-Debit. This powerful app allows you to securely log in, view and sort debit records, and easily update essential information. Stay organized and in control with MRS-Debit.","commitMessage":"","appUris":{"documentUri":{"value":"/15561034677211364893/N0753298d-1e7b-4ec0-af42-d93a02159413-document.msapp"},"imageUris":[],"additionalUris":[{"isSolutionAware":false,"value":"/15561034677211364893/N25595b8a-1217-470b-8612-41b21f4fff23-identity.json"}]},"createdTime":"0001-01-01T00:00:00Z","lastModifiedTime":"0001-01-01T00:00:00Z","sharedGroupsCount":0,"sharedUsersCount":0,"connectionReferences":{"5d508ae4-155d-4ed0-a208-310339ea09e7":{"id":"e281ef73-72a6-43b9-a1f5-bd0fce570c8d","displayName":"SharePoint","iconUri":"https://connectoricons-prod.azureedge.net/u/jayawan/releases/v1.0.1697/1.0.1697.3786/sharepointonline/icon.png","dataSources":["MRSLoginCredential","MRS/Debit-dd","MRS/Debit-db"],"dependencies":[],"dependents":[],"parameterHints":{},"parameterHintsV2":{},"isOnPremiseConnection":false,"bypassConsent":false,"dataSets":{"https://pandc2com-my.sharepoint.com/personal/developer_pandc2_com":{"dataSources":{"MRSLoginCredential":{"tableName":"16c405f1-2658-4f34-b946-bfa44c98f969"},"MRS/Debit-dd":{"tableName":"58c9c63c-4c97-44ea-bc32-dec8519d876c"},"MRS/Debit-db":{"tableName":"67db24d5-c510-4daa-9201-6f365cdbec9a"}}}},"apiTier":"Standard","isCustomApiConnection":false,"actions":["providers/PowerPlatform.Governance/Operations/Read","providers/PowerPlatform.Governance/Operations/Write"]}},"databaseReferences":{},"almMode":"Environment","performanceOptimizationEnabled":true,"canConsumeAppPass":true,"enableModernRuntimeMode":false,"executionRestrictions":{"isTeamsOnly":false,"dataLossPreventionEvaluationResult":{"status":"Compliant","lastEvaluationDate":"2024-07-19T05:00:56.0536531Z","violations":[],"violationsByPolicy":[],"violationErrorMessage":"The app uses the following connectors: ."}}},"appType":"ClassicCanvasApp","appComponents":[]}}